{"cameraMode":{"drawMode":0,"name":"Shaded","section":"Shading Mode"},"sceneLighting":true,"audioPlay":false,"sceneViewState":{"m_AlwaysRefresh":false,"showFog":true,"showSkybox":true,"showFlares":true,"showImageEffects":true,"showParticleSystems":true,"showVisualEffectGraphs":true,"m_FxEnabled":true},"in2DMode":false,"pivot":{"x":172.0917205810547,"y":99.55094909667969,"z":-2.6737213134765627},"rotation":{"x":-0.11684774607419968,"y":-0.05716228857636452,"z":0.0067352368496358398,"w":-0.9914888143539429},"size":716.8109130859375,"orthographic":false}