{"cameraMode":{"drawMode":0,"name":"Shaded","section":"Shading Mode"},"sceneLighting":true,"audioPlay":false,"sceneViewState":{"m_AlwaysRefresh":false,"showFog":true,"showSkybox":true,"showFlares":true,"showImageEffects":true,"showParticleSystems":true,"showVisualEffectGraphs":true,"m_FxEnabled":true},"in2DMode":false,"pivot":{"x":688.6544189453125,"y":30.971656799316408,"z":692.8262329101563},"rotation":{"x":-0.27348920702934267,"y":0.057412777096033099,"z":-0.016292627900838853,"w":-0.9600675106048584},"size":27.18585968017578,"orthographic":false}