{"cameraMode":{"drawMode":0,"name":"Shaded","section":"Shading Mode"},"sceneLighting":true,"audioPlay":false,"sceneViewState":{"m_AlwaysRefresh":false,"showFog":true,"showSkybox":true,"showFlares":true,"showImageEffects":true,"showParticleSystems":true,"showVisualEffectGraphs":true,"m_FxEnabled":true},"in2DMode":false,"pivot":{"x":-7.165831089019775,"y":32.59164047241211,"z":-75.05672454833985},"rotation":{"x":-0.16455712914466859,"y":-0.005019936244934797,"z":0.0008363238885067403,"w":-0.9863635897636414},"size":157.73031616210938,"orthographic":false}