{"cameraMode":{"drawMode":0,"name":"Shaded","section":"Shading Mode"},"sceneLighting":false,"audioPlay":false,"sceneViewState":{"m_AlwaysRefresh":false,"showFog":true,"showSkybox":false,"showFlares":true,"showImageEffects":true,"showParticleSystems":true,"showVisualEffectGraphs":true,"m_FxEnabled":true},"in2DMode":false,"pivot":{"x":-1.027000069618225,"y":1.5288288593292237,"z":0.9668412208557129},"rotation":{"x":-0.0009978831512853504,"y":0.9712585806846619,"z":-0.23800213634967805,"w":-0.004079174716025591},"size":1.2101905345916749,"orthographic":false}