{"cameraMode":{"drawMode":0,"name":"Shaded","section":"Shading Mode"},"sceneLighting":true,"audioPlay":false,"sceneViewState":{"m_AlwaysRefresh":false,"showFog":true,"showSkybox":false,"showFlares":true,"showImageEffects":true,"showParticleSystems":true,"showVisualEffectGraphs":true,"m_FxEnabled":true},"in2DMode":false,"pivot":{"x":535.7068481445313,"y":14.70438003540039,"z":696.0979614257813},"rotation":{"x":-0.07942520081996918,"y":0.011680771596729756,"z":-0.0008685276843607426,"w":-0.9968152642250061},"size":6.550728797912598,"orthographic":false}