{"cameraMode":{"drawMode":0,"name":"Shaded","section":"Shading Mode"},"sceneLighting":false,"audioPlay":false,"sceneViewState":{"m_AlwaysRefresh":false,"showFog":true,"showSkybox":false,"showFlares":true,"showImageEffects":true,"showParticleSystems":true,"showVisualEffectGraphs":true,"m_FxEnabled":true},"in2DMode":false,"pivot":{"x":688.6599731445313,"y":25.697086334228517,"z":692.8300170898438},"rotation":{"x":-0.06851334869861603,"y":0.14553922414779664,"z":-0.010106241330504418,"w":-0.9869337677955627},"size":1.4543734788894654,"orthographic":false}