{"cameraMode":{"drawMode":0,"name":"Shaded","section":"Shading Mode"},"sceneLighting":false,"audioPlay":false,"sceneViewState":{"m_AlwaysRefresh":false,"showFog":true,"showSkybox":false,"showFlares":true,"showImageEffects":true,"showParticleSystems":true,"showVisualEffectGraphs":true,"m_FxEnabled":true},"in2DMode":false,"pivot":{"x":1.3547866344451905,"y":1.6843438148498536,"z":-0.41959550976753237},"rotation":{"x":-0.0001798920420696959,"y":0.9981964826583862,"z":-0.05996377393603325,"w":-0.002994598587974906},"size":2.7812752723693849,"orthographic":false}