{"cameraMode":{"drawMode":0,"name":"Shaded","section":"Shading Mode"},"sceneLighting":false,"audioPlay":false,"sceneViewState":{"m_AlwaysRefresh":false,"showFog":true,"showSkybox":false,"showFlares":true,"showImageEffects":true,"showParticleSystems":true,"showVisualEffectGraphs":true,"m_FxEnabled":true},"in2DMode":false,"pivot":{"x":523.3002319335938,"y":12.400735855102539,"z":689.2899780273438},"rotation":{"x":0.00030960250296629965,"y":-0.9995881915092468,"z":0.01321452297270298,"w":0.02754884399473667},"size":3.206251382827759,"orthographic":true}